INSERT INTO GAME_GENRE (name) VALUES ('2D'), ('Ação'), ('Ação / Aventura'), ('Anime'), ('Arcade'), ('Atmosferico'), ('Aventura'), ('Basquete'), ('Beat''em Up'), ('Cartunizado'), ('Casual'), ('Clássico'), ('Comédia'), ('Competitivo'), ('Cooperativo'), ('Corrida'), ('Cyberpunk'), ('Dark Humor'), ('Difícil'), ('Educativo'), ('Engraçado'), ('Escolhas Importam'), ('Espacial'), ('Esportes'), ('Estilizado'), ('Estratégia'), ('Estratégia em Tempo Real (RTS)'), ('Exploração'), ('Fabricação'), ('Fantasia'), ('Fantasia Sombria'), ('Ficção científica'), ('Física'), ('fofo'), ('FPS'), ('Furtivo'), ('Gráficos Pixelados'), ('Gratuito para Jogar'), ('Hack and Slash'), ('Hackear'), ('Hardware'), ('História'), ('História Alternativa'), ('Indie'), ('Infantil'), ('Jogador Deus'), ('J-RPG'), ('Mecha'), ('Medieval'), ('Metroidvania'), ('Multijogador Massivo Online (MMO)'), ('Mundo Aberto'), ('Mystery Dungeon'), ('Ninja'), ('Nudez'), ('Parkour'), ('Protagonista feminina'), ('Puzzle'), ('Quadrinhos'), ('Remake'), ('Rico em História'), ('Roguelike'), ('Romance Visual'), ('RPG'), ('RPG de Ação'), ('Sangue'), ('Saquear'), ('Shoot ''em up (shmup)'), ('Sobrevivência'), ('Sombrio'), ('Soundtrack'), ('Star Wars'), ('Steampunk'), ('Super Herói'), ('Tanques'), ('Terror'), ('Terror de Sobrevivência'), ('Tiro'), ('Tower Defense'), ('trilha sonora boa'), ('Wargame'), ('Xadrez'), ('Zumbi')
INSERT INTO SONG (last_fm_id, name) VALUES ('62d9d200-5445-4ee9-9541-88345027d0f1', 'Show Me How To Live'), ('5811749b-8c42-4ecb-baac-6e8ca0166d8f', 'I Want Out'), ('f1a6d5af-73ed-4213-9182-c8e2cdf841db', 'Get Back'), ('73ef25fd-89c6-452e-b02c-90bf8bcb95b7', 'Sabotage'), ('8e69ef9f-603e-4ee6-bf13-69aeb7c7e7e5', 'Do The Evolution'), ('455732fa-77b5-4ac5-bfa8-18dea06451d7', 'Happy'), ('0bba02c9-8e00-4e66-b81d-9b3594ec5e81', 'Moonlight Sonata'), ('e920ec5b-7cda-45fd-be4a-4d3280996f54', 'The Trooper'), ('af994d19-6e64-4d10-a1b4-217caf14698d', 'All Together Now'), ('4b3e7f93-5c74-4ad8-9a88-8b0676b5604e', 'We Are the Champions'), ('68607b7f-49c7-4cfe-9699-e52f45803e71', 'Crush On You'), ('f36024a5-324a-4d3a-bf42-0acdc81d47bf', 'Guaranteed'), ('42c1be71-2f5b-4900-b206-0edafa141b3a', 'Hacker'), ('906769c2-9d4f-4212-8be3-fb7d5fe5e614', 'Ramble On'), ('c519ac9e-218d-4d0c-86e8-599f6988494c', 'Aluga-se'), ('052af4a2-8962-40c2-a967-fdc604fe1ce8', 'About that time'), ('95bd6543-f8ff-4be9-953c-091dcc8a83c2', 'Rap Das Armas'), ('e098e8bc-3d35-43c4-b24c-9c7bd707bee3', 'Pull the Pin'), ('7eca082a-4b79-49d9-812d-1c9711cfe346', 'Lullaby'), ('867cf1a1-c46a-4ad5-916f-0c5397ff65e5', 'Pocket Calculator'), ('e5dd9ecb-3fd1-4e85-9c4b-521ec87c8840', 'Often'), ('93ed37e9-b27f-4969-9e92-1684862352f9', 'Fly Away'), ('72681861-77e6-4fc2-81f3-55c73600cd91', 'Robot'), ('edda9387-65a9-4ade-903c-3a9cea3fa7c2', 'Skyfall'), ('37a3915b-6748-4ee7-a7bb-02a3665d879d', 'The Saga Begins'), ('70f41327-d8f5-4895-8e08-b7da28dd9007', 'Iron'), ('6a276888-9dab-4e62-a907-1c5b59c80dcc', 'Panzer'), ('1fefb693-e195-424a-9e34-d026ec09bc16', 'Machine Gun'), ('c2786bd8-7dc7-4633-ab6c-70c70ebd432f', 'War Pigs'), ('0e922118-efce-4a4e-9ef2-a03c6a9ad15d', 'The Chess Players'), ('4b5ee2e8-3135-40f4-8837-64314baa640d', 'Iron Man'), ('a7ddf553-673a-4d4e-96cc-d5a4bca6af2d', 'Stronger'), ('ff15b1f2-b72d-487e-a9e6-cb20f2230ff1', 'Lie, Cheat, Steal'), ('773a1557-a974-4f1e-978e-c240be4c3cb8', 'Intro'), ('81edf1da-d812-4e08-96dc-bf8c48edef1a', 'All Along the Watchtower'), ('577fa4a2-c4e0-426b-916b-bf7321e7af4b', 'The Age of the Understatement'), ('38506054-b826-4e81-8108-d9634afcd199', 'I Shot The Sheriff'), ('71e53239-315b-4f96-872a-11ee5fc779c9', 'Blitzkrieg Bop')
INSERT INTO ALBUM (last_fm_id, name) VALUES ('ad0a377b-6c7c-30ff-921d-a47edae073e2', 'Demon Days'), ('db09aad8-bb63-4203-9a0a-3a24cdf2e7c5', 'Let Me Introduce My Friends'), ('a74bf5c1-7a8d-302b-9fe0-de4cd596a3e7', 'Ladies and Gentlemen We Are Floating in Space'), ('259359e6-50af-4bc9-bb37-22a3a0e485fb', 'Meet the Residents'), ('8067f190-dc3e-362a-8117-8a13df522b2c', 'Year Zero'), ('d4611812-e7cd-42bf-885a-b1cea9fd52bc', 'The Wall'), ('800fea67-8a4a-48a0-bffb-07181549d2df', '2112'), ('da4db8d1-13b2-3d5e-a447-e2ad7733476a', 'The Rise and Fall of Ziggy Stardust and the Spiders From Mars'), ('c04c7090-1bea-4852-a4c3-6d54065117d2', 'My War'), ('085dfe73-75bf-3a7b-b2c0-a426876642ca', 'Dark Medieval Times'), ('1ce9177c-62a0-4403-a7ee-7359026fcbf6', 'Filosofem'), ('945d7382-e187-454c-bbf9-09abe4404772', 'Giles Corey'), ('790e13e7-590a-437a-9dcd-a7542b9ad53a', 'The Greatest Video Game Song')
INSERT INTO ARTIST (last_fm_id, name) VALUES ('8d4c13de-6e61-4a8e-ac4d-d0e1996bcef8', 'the GazettE'), ('4236acde-2ce2-441c-a3d4-38d55f1b5474', 'Explosions In The Sky'), ('e4d7cfe5-0bed-46cf-acad-ab9a4dcb7aa6', 'Anamanaguchi'), ('c8550ac0-6fd4-404d-af97-44b2b51f9103', 'Survival'), ('3abca171-d700-4a1f-aa0f-d683c37ef74d', 'Mamonas Assassinas'), ('2e62daef-dc0d-40ad-b430-fd6872e992aa', 'The Glitch Mob'), ('028e1863-cab4-4a3d-9dd9-91c682c91005', 'The Lonely Island'), ('cdcdd83e-571a-4285-9cd0-0b452f5d9318', 'Detonator'), ('5441c29d-3602-4898-b1a1-b77fa23b8e50', 'David Bowie'), ('39a31de6-763d-48b6-a45c-f7cfad58ffd8', 'Sabaton'), ('685a5aa7-68b9-4293-9bd8-a6e4ac6b5160', 'Algiers'), ('936addc3-91aa-49de-8ec0-0dc186de151f', 'Misfits'), ('9ce4f0c8-8ce4-461a-ba1e-10460d2399a2', 'Marcin Przybylowicz'), ('10e2d18c-7a8c-4d26-bb4a-450bb6851cb2', 'Kyary Pamyu Pamyu'), ('ada7a83c-e3e1-40f1-93f9-3e73dbc9298a', 'Arctic Monkeys'), ('ffe02aed-ef7e-4736-a186-c2f1dd55ce8d', 'Mono'), ('ea1b05cd-3d66-4760-89ea-d339227f67fd', 'Tang Dynasty'), ('e6de1f3b-6484-491c-88dd-6d619f142abc', 'Hans Zimmer'), ('83d91898-7763-47d7-b03b-b92132375c47', 'Pink Floyd'), ('164f0d73-1234-4e2c-8743-d77bf2191051', 'Kanye West'), ('e5257dc5-1edd-4fca-b7e6-1158e00522c8', 'The Jackson 5'), ('24f1766e-9635-4d58-a4d4-9413f9f98a4c', 'Johann Sebastian Bach'), ('4e0dffde-ad2d-45b7-9c75-d57ce55de061', 'Rhapsody'), ('101c4754-1dc7-4c0f-92b9-49d8063d63da', 'Steam Powered Giraffe'), ('f59c5520-5f46-4d2c-b2c4-822eabf53419', 'Linkin Park'), ('f376828a-b438-4fda-bb2e-dcd5fbe81f83', 'Joan Jett'), ('a1d69fd9-0096-4a60-b277-de34e5a77fca', 'Gorgoroth'), ('cfe572bf-840f-4bed-934a-f69f4b1e90d4', 'White Zombie'), ('7b3e04bb-c4bb-4e7b-aa17-65ed5ca4925d', 'Bauhaus'), ('11e5be8b-e420-43ff-a8fc-87d8336db556', 'The Song Tapes'), ('d15721d8-56b4-453d-b506-fc915b14cba2', 'The Black Keys'), ('1afcd689-9be4-4d1a-a9fa-49e086250f51', 'Dethklok'), ('7fa7fc04-1011-4876-8095-ecd232edea87', 'Blind Guardian'), ('abf5f674-dbad-4219-b3ad-dbd6fb163c8e', 'HammerFall')
INSERT INTO GAME_GENRE_TO_MUSIC_RELEASE (game_genre_id, song_id, album_id, artist_id) VALUES (1, null, 'ad0a377b-6c7c-30ff-921d-a47edae073e2', null),   (2, null, null, 'c8550ac0-6fd4-404d-af97-44b2b51f9103'),   (3, '62d9d200-5445-4ee9-9541-88345027d0f1', null, null),   (4, null, null, '8d4c13de-6e61-4a8e-ac4d-d0e1996bcef8'),   (5, null, null, 'e4d7cfe5-0bed-46cf-acad-ab9a4dcb7aa6'),   (6, null, null, '4236acde-2ce2-441c-a3d4-38d55f1b5474'),   (7, '5811749b-8c42-4ecb-baac-6e8ca0166d8f', null, null),   (8, 'f1a6d5af-73ed-4213-9182-c8e2cdf841db', null, null),   (9, '73ef25fd-89c6-452e-b02c-90bf8bcb95b7', null, null),   (10, '8e69ef9f-603e-4ee6-bf13-69aeb7c7e7e5', null, null),   (11, '455732fa-77b5-4ac5-bfa8-18dea06451d7', null, null),   (12, '0bba02c9-8e00-4e66-b81d-9b3594ec5e81', null, null),   (13, null, null, '3abca171-d700-4a1f-aa0f-d683c37ef74d'),   (14, 'e920ec5b-7cda-45fd-be4a-4d3280996f54', null, null),   (15, null, 'db09aad8-bb63-4203-9a0a-3a24cdf2e7c5', null),   (16, null, null, '2e62daef-dc0d-40ad-b430-fd6872e992aa'),   (17, null, '8067f190-dc3e-362a-8117-8a13df522b2c', null),   (18, null, null, '028e1863-cab4-4a3d-9dd9-91c682c91005'),   (19, null, '259359e6-50af-4bc9-bb37-22a3a0e485fb', null),   (20, 'af994d19-6e64-4d10-a1b4-217caf14698d', null, null),   (21, null, null, 'cdcdd83e-571a-4285-9cd0-0b452f5d9318'),   (22, null, null, '685a5aa7-68b9-4293-9bd8-a6e4ac6b5160'),   (23, null, 'a74bf5c1-7a8d-302b-9fe0-de4cd596a3e7', null),   (24, '4b3e7f93-5c74-4ad8-9a88-8b0676b5604e', null, null),   (25, null, null, '5441c29d-3602-4898-b1a1-b77fa23b8e50'),   (26, null, null, '83d91898-7763-47d7-b03b-b92132375c47'),   (27, null, 'c04c7090-1bea-4852-a4c3-6d54065117d2', null),   (28, 'f36024a5-324a-4d3a-bf42-0acdc81d47bf', null, null),   (29, null, 'd4611812-e7cd-42bf-885a-b1cea9fd52bc', null),   (30, '906769c2-9d4f-4212-8be3-fb7d5fe5e614', null, null),   (31, null, null, '9ce4f0c8-8ce4-461a-ba1e-10460d2399a2'),   (32, null, '800fea67-8a4a-48a0-bffb-07181549d2df', null),   (33, null, 'da4db8d1-13b2-3d5e-a447-e2ad7733476a', null),   (34, null, null, '10e2d18c-7a8c-4d26-bb4a-450bb6851cb2'),   (35, '95bd6543-f8ff-4be9-953c-091dcc8a83c2', null, null),   (36, 'edda9387-65a9-4ade-903c-3a9cea3fa7c2', null, null),   (37, '052af4a2-8962-40c2-a967-fdc604fe1ce8', null, null),   (38, 'c519ac9e-218d-4d0c-86e8-599f6988494c', null, null),   (39, 'e098e8bc-3d35-43c4-b24c-9c7bd707bee3', null, null),   (40, '42c1be71-2f5b-4900-b206-0edafa141b3a', null, null),   (41, '867cf1a1-c46a-4ad5-916f-0c5397ff65e5', null, null),   (42, null, null, '39a31de6-763d-48b6-a45c-f7cfad58ffd8'),   (43, '71e53239-315b-4f96-872a-11ee5fc779c9', null, null),   (44, null, null, 'ada7a83c-e3e1-40f1-93f9-3e73dbc9298a'),   (45, null, null, 'e5257dc5-1edd-4fca-b7e6-1158e00522c8'),   (46, null, null, '164f0d73-1234-4e2c-8743-d77bf2191051'),   (47, null, null, 'ffe02aed-ef7e-4736-a186-c2f1dd55ce8d'),   (48, '72681861-77e6-4fc2-81f3-55c73600cd91', null, null),   (49, null, '085dfe73-75bf-3a7b-b2c0-a426876642ca', null),   (50, null, null, '24f1766e-9635-4d58-a4d4-9413f9f98a4c'),   (51, null, null, '4e0dffde-ad2d-45b7-9c75-d57ce55de061'),   (52, null, null, 'd15721d8-56b4-453d-b506-fc915b14cba2'),   (53, null, '1ce9177c-62a0-4403-a7ee-7359026fcbf6', null),   (54, null, null, 'ea1b05cd-3d66-4760-89ea-d339227f67fd'),   (55, 'e5dd9ecb-3fd1-4e85-9c4b-521ec87c8840', null, null),   (56, null, null, 'f59c5520-5f46-4d2c-b2c4-822eabf53419'),   (57, null, null, 'f376828a-b438-4fda-bb2e-dcd5fbe81f83'),   (58, '773a1557-a974-4f1e-978e-c240be4c3cb8', null, null),   (59, null, null, '1afcd689-9be4-4d1a-a9fa-49e086250f51'),   (60, '81edf1da-d812-4e08-96dc-bf8c48edef1a', null, null),   (61, null, null, '11e5be8b-e420-43ff-a8fc-87d8336db556'),   (62, '577fa4a2-c4e0-426b-916b-bf7321e7af4b', null, null),   (63, '68607b7f-49c7-4cfe-9699-e52f45803e71', null, null),   (64, null, null, '7fa7fc04-1011-4876-8095-ecd232edea87'),   (65, null, null, 'abf5f674-dbad-4219-b3ad-dbd6fb163c8e'),   (66, null, null, 'a1d69fd9-0096-4a60-b277-de34e5a77fca'),   (67, 'ff15b1f2-b72d-487e-a9e6-cb20f2230ff1', null, null),   (68, '38506054-b826-4e81-8108-d9634afcd199', null, null),   (69, 'a7ddf553-673a-4d4e-96cc-d5a4bca6af2d', null, null),   (70, null, null, '7b3e04bb-c4bb-4e7b-aa17-65ed5ca4925d'),   (71, null, '790e13e7-590a-437a-9dcd-a7542b9ad53a', null),   (72, '37a3915b-6748-4ee7-a7bb-02a3665d879d', null, null),   (73, null, null, '101c4754-1dc7-4c0f-92b9-49d8063d63da'),   (74, '4b5ee2e8-3135-40f4-8837-64314baa640d', null, null),   (75, '6a276888-9dab-4e62-a907-1c5b59c80dcc', null, null),   (76, null, null, '936addc3-91aa-49de-8ec0-0dc186de151f'),   (77, null, '945d7382-e187-454c-bbf9-09abe4404772', null),   (78, '1fefb693-e195-424a-9e34-d026ec09bc16', null, null),   (79, '70f41327-d8f5-4895-8e08-b7da28dd9007', null, null),   (80, null, null, 'e6de1f3b-6484-491c-88dd-6d619f142abc'),   (81, 'c2786bd8-7dc7-4633-ab6c-70c70ebd432f', null, null),   (82, '0e922118-efce-4a4e-9ef2-a03c6a9ad15d', null, null),   (83, null, null, 'cfe572bf-840f-4bed-934a-f69f4b1e90d4')
INSERT INTO STEAM_FM_USER (login, password, is_admin, steam_user, steam_id) VALUES ('admin', 'admin', 1, null, null), ('user', 'user', 0, null, null)